1,Dmitri,Nagiev,dimanaginagi@gmail.com,868882002,2020-12-23 11:05
2,Tomas,Girenas,giriubalsas@yahoo.com,868882209,2020-12-29 14:45
3,Antanas,Sakalas,antanas.s@myspace.com,864250358,2020-12-28 13:55
4,Darjus,Martins,d.martins@gmail.com,868345905,2020-12-29 16:10
5,Mantas,Taitis,mantas@gmail.com,868200202,2020-12-29 11:45
6,Jonas,Skema,jonas.skem@gmail.com,869800505,2020-12-29 15:00
7,Indre,Taite,indre_taite@gmail.com,869603255,2020-12-30 14:35
